circuito_geo_id,partido_madre,partido_electoral,metros_lineales,pct_metros,metros_por_km2,area_km2,pct_votos_promedio,pct_votos_jefe_gobierno,pct_votos_legislativa,pct_votos_presidencial,tasa_nbi_circuito,indice_edu_circuito
1,UCR,Centroderecha,757.4244221075179,100.0,1066.6,0.7101,36.88,43.24,38.83,31.76,4.26,6.23
10,Liberalismo,Liberalismo,1245.607580877856,90.74,2251.2,0.5533,23.33,15.76,38.36,12.09,6.33,6.37
10,UCR,Centroderecha,127.0503795628605,9.26,229.6,0.5533,48.78,58.22,49.49,43.34,6.33,6.37
100,Liberalismo,Liberalismo,1177.704462793215,100.0,1015.3,1.16,21.71,13.96,34.99,12.3,1.32,5.83
101,Liberalismo,Liberalismo,969.3503329093207,25.44,434.1,2.2328,21.32,15.18,33.42,12.28,2.26,5.58
101,PS,PS,1686.2624550860332,44.26,755.2,2.2328,8.81,,1.52,16.1,2.26,5.58
101,UCR,Centroderecha,1154.1486511375133,30.29,516.9,2.2328,42.5,50.16,45.58,35.6,2.26,5.58
102,PS,PS,1454.6119323355028,82.03,1033.2,1.4079,9.7,,1.5,17.91,2.17,5.87
102,UCR,Centroderecha,318.7110759388142,17.97,226.4,1.4079,44.86,54.17,47.08,37.98,2.17,5.87
103,UCR,Centroderecha,1163.078951834482,100.0,871.0,1.3354,43.38,51.62,45.93,36.71,1.43,5.73
104,UCR,Centroderecha,527.4572565309314,100.0,502.4,1.0499,41.18,49.17,44.2,34.17,1.68,5.59
105,Liberalismo,Liberalismo,569.1554144335023,30.57,360.9,1.5771,20.54,12.93,33.47,11.41,2.77,5.75
105,UCR,Centroderecha,1292.5443636386453,69.43,819.6,1.5771,43.2,51.5,45.86,36.39,2.77,5.75
106,PS,PS,1648.128527355449,72.16,1484.3,1.1104,9.52,,1.9,17.14,1.68,5.79
106,UCR,Centroderecha,635.9332369273327,27.84,572.7,1.1104,41.82,49.92,44.63,34.97,1.68,5.79
107,Liberalismo,Liberalismo,2530.9897482726055,100.0,1736.5,1.4575,20.62,13.28,33.16,11.76,2.06,5.82
108,PS,PS,730.6015618114716,100.0,735.3,0.9936,9.32,,1.96,16.68,1.71,5.68
109,Liberalismo,Liberalismo,2824.6887065509127,90.92,2005.5,1.4085,20.29,14.14,32.28,11.37,3.15,5.84
109,PS,PS,281.9390568440628,9.08,200.2,1.4085,9.83,,2.15,17.51,3.15,5.84
11,Liberalismo,Liberalismo,713.0490020056229,40.73,1292.0,0.5519,22.32,18.07,33.79,12.98,9.49,6.23
11,PJ,PJ,1037.4566261963234,59.27,1879.8,0.5519,35.61,39.03,22.3,47.21,9.49,6.23
110,PS,PS,1254.3836402105244,100.0,1526.0,0.822,9.8,,1.96,17.64,3.07,5.83
111,Liberalismo,Liberalismo,879.7629209879564,100.0,918.3,0.958,21.14,16.99,32.36,12.0,6.15,5.49
112,Liberalismo,Liberalismo,1416.9883677100804,100.0,2612.4,0.5424,20.65,16.02,31.8,11.82,9.23,5.76
113,Liberalismo,Liberalismo,1535.3228184502927,53.54,1433.4,1.0711,21.36,14.93,33.92,12.01,1.91,5.77
113,PS,PS,525.9751656280893,18.34,491.1,1.0711,9.62,,1.87,17.36,1.91,5.77
113,UCR,Centroderecha,806.346572636613,28.12,752.8,1.0711,41.09,48.8,43.52,34.8,1.91,5.77
114,PS,PS,721.2991812464586,51.01,665.5,1.0839,10.16,,2.06,18.26,2.92,5.99
114,UCR,Centroderecha,692.7732180430106,48.99,639.1,1.0839,41.87,49.86,43.96,35.77,2.92,5.99
115,PS,PS,677.869206261263,100.0,740.1,0.9159,9.49,,2.05,16.93,3.16,5.81
116,Liberalismo,Liberalismo,930.6355836027705,45.02,745.8,1.2479,18.97,12.68,30.47,10.61,5.28,5.92
116,PS,PS,1136.5789518469758,54.98,910.8,1.2479,9.85,,2.04,17.66,5.28,5.92
118,Liberalismo,Liberalismo,400.8343158923102,34.51,471.3,0.8504,20.56,13.42,34.56,10.14,1.82,6.51
118,UCR,Centroderecha,760.6768391087571,65.49,894.5,0.8504,46.94,55.84,48.67,40.76,1.82,6.51
119,Liberalismo,Liberalismo,647.496121945557,100.0,526.2,1.2306,20.34,11.52,34.54,10.56,2.01,6.24
12,Liberalismo,Liberalismo,846.5809377007939,45.0,1600.0,0.5291,21.24,15.64,32.6,12.69,14.93,6.14
12,UCR,Centroderecha,1034.5213822445367,55.0,1955.2,0.5291,41.16,47.97,43.67,35.25,14.93,6.14
120,Liberalismo,Liberalismo,1113.0660500752765,34.92,687.1,1.6199,22.39,13.45,37.2,12.04,2.16,6.37
120,UCR,Centroderecha,2074.5633081744277,65.08,1280.7,1.6199,47.59,57.9,48.98,41.06,2.16,6.37
121,Liberalismo,Liberalismo,1544.75271479985,44.55,953.2,1.6206,22.53,14.62,36.66,12.36,3.24,5.85
121,UCR,Centroderecha,1922.8707570748725,55.45,1186.5,1.6206,45.96,55.2,47.98,39.3,3.24,5.85
122,Liberalismo,Liberalismo,4715.772051620308,94.54,2976.0,1.5846,24.01,13.16,42.06,11.39,0.75,6.8
122,UCR,Centroderecha,272.4659929449124,5.46,171.9,1.5846,54.04,65.84,53.8,48.38,0.75,6.8
123,Liberalismo,Liberalismo,873.310284477981,100.0,552.2,1.5816,21.78,12.77,36.38,11.7,1.3,6.3
124,PJ,PJ,158.7672383500091,59.56,91.3,1.7384,35.32,39.66,22.11,46.35,2.02,5.9
124,UCR,Centroderecha,107.809389654585,40.44,62.0,1.7384,41.87,50.46,43.65,35.8,2.02,5.9
125,Liberalismo,Liberalismo,1101.0493136494947,75.61,703.1,1.5661,20.03,11.7,33.76,10.48,2.78,6.21
125,UCR,Centroderecha,355.1177311684131,24.39,226.8,1.5661,45.19,54.37,46.78,39.02,2.78,6.21
126,UCR,Centroderecha,201.46182526305006,100.0,144.7,1.3926,43.89,53.11,45.62,37.54,2.01,6.19
128,UCR,Centroderecha,494.68909720626976,100.0,358.0,1.382,45.74,55.2,47.29,39.46,1.59,6.43
129,UCR,Centroderecha,219.4749907469103,100.0,147.8,1.4854,47.67,57.92,48.42,41.79,1.85,6.76
130,UCR,Centroderecha,2275.1429645007865,100.0,1776.5,1.2807,47.05,56.48,48.03,41.36,2.03,6.79
131,UCR,Centroderecha,3487.1040461118782,100.0,1762.3,1.9787,45.33,55.1,46.76,39.01,1.4,6.15
132,UCR,Centroderecha,4681.664035253942,100.0,2335.9,2.0042,44.04,53.2,45.78,37.73,2.2,6.13
133,Liberalismo,Liberalismo,494.8101269796069,56.72,318.0,1.5559,20.33,10.98,35.24,10.1,1.86,6.59
133,UCR,Centroderecha,377.59111266627144,43.28,242.7,1.5559,47.78,58.09,48.62,41.79,1.86,6.59
134,UCR,Centroderecha,1381.503044654347,100.0,865.4,1.5963,52.97,64.96,52.87,47.08,0.7,7.16
135,Liberalismo,Liberalismo,1369.413517536526,73.68,953.2,1.4366,22.24,11.2,39.85,10.16,1.16,7.16
135,UCR,Centroderecha,489.1769250070565,26.32,340.5,1.4366,53.22,64.72,53.28,47.39,1.16,7.16
136,UCR,Centroderecha,698.5926415846841,100.0,992.7,0.7037,50.4,61.06,50.9,44.57,1.71,7.01
137,UCR,Centroderecha,691.4749686376476,100.0,1120.3,0.6172,50.35,60.86,50.9,44.55,1.81,7.0
138,UCR,Centroderecha,286.95517539708624,100.0,323.0,0.8885,54.74,66.86,54.54,48.89,1.18,7.08
14,Liberalismo,Liberalismo,529.8040835431016,34.34,817.5,0.6481,23.74,19.09,36.91,12.89,9.32,6.16
14,UCR,Centroderecha,1012.8697678063977,65.66,1562.8,0.6481,42.56,49.66,44.52,37.05,9.32,6.16
140,Liberalismo,Liberalismo,53.36022208186652,100.0,114.4,0.4665,22.25,12.2,39.05,10.46,1.34,7.01
141,Liberalismo,Liberalismo,4217.787659371401,35.27,1035.5,4.0732,23.68,12.01,42.56,10.64,1.28,7.22
141,PRO,Centroderecha,171.7301864748709,1.44,42.2,4.0732,55.29,67.79,54.48,49.85,1.28,7.22
141,UCR,Centroderecha,7569.376461456573,63.29,1858.3,4.0732,55.29,67.79,54.48,49.85,1.28,7.22
142,Liberalismo,Liberalismo,968.7857663747081,100.0,1231.8,0.7865,24.77,10.08,47.64,9.24,1.48,7.54
143,Liberalismo,Liberalismo,472.58928362383944,100.0,1034.8,0.4567,22.27,11.84,40.21,9.55,1.67,7.23
144,UCR,Centroderecha,620.8325146313726,100.0,842.6,0.7368,58.32,71.65,56.58,53.38,2.74,7.28
148,Liberalismo,Liberalismo,513.3923516314592,100.0,508.8,1.0091,23.51,11.33,43.24,9.86,2.53,7.48
149,Liberalismo,Liberalismo,6525.355736990463,70.07,1223.3,5.3341,25.06,12.94,45.26,10.92,2.45,7.27
149,UCR,Centroderecha,2786.719825732986,29.93,522.4,5.3341,59.38,72.84,58.27,53.76,2.45,7.27
150,Liberalismo,Liberalismo,6909.8030257661185,69.27,2569.5,2.6892,27.24,13.93,51.04,10.09,1.34,7.53
150,UCR,Centroderecha,3065.339141374823,30.73,1139.9,2.6892,65.88,80.46,62.78,61.68,1.34,7.53
151,Liberalismo,Liberalismo,375.3801947857178,31.21,234.9,1.5981,24.12,11.57,45.08,9.44,1.52,7.41
151,UCR,Centroderecha,827.3197617902192,68.79,517.7,1.5981,60.6,74.17,58.88,55.55,1.52,7.41
152,UCR,Centroderecha,253.16178671612727,100.0,444.1,0.5701,58.58,71.69,56.92,53.7,1.03,7.46
153,UCR,Centroderecha,398.8167175447636,100.0,740.7,0.5384,51.57,62.38,51.67,46.06,2.0,7.31
154,PS,PS,81.17729434770362,20.13,106.2,0.7645,11.27,,1.8,20.74,2.04,7.14
154,UCR,Centroderecha,322.094055158134,79.87,421.3,0.7645,48.65,58.58,49.31,43.03,2.04,7.14
155,Liberalismo,Liberalismo,1831.217789711413,41.11,1291.8,1.4176,20.61,12.84,34.67,10.44,3.25,7.04
155,PS,PS,1013.2812735161502,22.75,714.8,1.4176,9.84,,1.72,17.94,3.25,7.04
155,UCR,Centroderecha,1610.0121300754245,36.14,1135.7,1.4176,46.47,56.03,47.58,40.59,3.25,7.04
156,Liberalismo,Liberalismo,1041.3068671157857,55.46,1035.0,1.0061,17.82,10.88,30.2,8.91,3.47,6.87
156,PS,PS,528.687725634042,28.16,525.5,1.0061,10.08,,2.0,18.16,3.47,6.87
156,UCR,Centroderecha,307.4555907425173,16.38,305.6,1.0061,42.28,50.46,43.76,36.7,3.47,6.87
157,PS,PS,315.61370087313014,33.85,369.3,0.8546,10.58,,2.29,18.88,3.63,7.04
157,UCR,Centroderecha,616.6992633108048,66.15,721.6,0.8546,42.92,51.55,44.21,37.32,3.63,7.04
158,UCR,Centroderecha,1009.8514950440627,100.0,1358.6,0.7433,42.04,49.94,43.36,36.76,2.77,6.59
159,PS,PS,885.8432276829818,100.0,1281.4,0.6913,9.72,,2.19,17.26,1.9,6.43
16,UCR,Centroderecha,514.3401966492831,100.0,1724.8,0.2982,37.78,43.78,40.18,32.38,10.54,6.03
160,Liberalismo,Liberalismo,511.49357133093775,23.71,494.2,1.035,18.05,11.41,30.16,9.27,2.21,6.43
160,PS,PS,786.1841870143483,36.45,759.6,1.035,11.43,,2.46,20.4,2.21,6.43
160,UCR,Centroderecha,859.4609005998572,39.84,830.4,1.035,42.15,50.08,43.72,36.61,2.21,6.43
161,Liberalismo,Liberalismo,107.8675459408335,5.17,94.2,1.1455,18.15,11.22,29.98,9.78,3.15,6.29
161,PS,PS,1797.776804834853,86.24,1569.4,1.1455,10.87,,2.46,19.28,3.15,6.29
161,UCR,Centroderecha,178.90496703569343,8.58,156.2,1.1455,40.17,47.74,42.07,34.48,3.15,6.29
162,Liberalismo,Liberalismo,958.6015937040243,100.0,429.7,2.2309,18.99,14.85,28.7,11.36,5.04,5.48
163,Liberalismo,Liberalismo,2114.914861506715,90.48,1812.1,1.1671,17.53,13.56,26.84,10.2,4.08,6.09
163,UCR,Centroderecha,222.4285551900542,9.52,190.6,1.1671,35.56,41.07,38.46,29.91,4.08,6.09
164,Liberalismo,Liberalismo,432.7384601997426,100.0,221.6,1.9525,18.25,12.69,29.12,10.16,3.7,6.32
167,Liberalismo,Liberalismo,584.3477289935613,18.76,275.1,2.1238,19.76,11.83,32.91,10.58,2.17,6.37
167,UCR,Centroderecha,2530.9044761268997,81.24,1191.7,2.1238,44.12,53.4,45.67,37.93,2.17,6.37
18,UCR,Centroderecha,2128.1292961056442,100.0,3873.6,0.5494,35.17,39.99,38.46,29.47,26.28,5.05
19,UCR,Centroderecha,148.6356481800003,100.0,204.7,0.7262,34.42,38.82,38.12,28.52,26.65,4.88
20,Liberalismo,Liberalismo,5057.770060559135,37.01,2063.5,2.4511,25.88,13.48,46.85,11.1,1.84,7.02
20,UCR,Centroderecha,8608.061888578433,62.99,3511.9,2.4511,57.97,71.7,55.89,53.19,1.84,7.02
21,Liberalismo,Liberalismo,1005.0191968013788,100.0,1578.0,0.6369,26.85,11.45,50.98,10.42,1.17,7.48
24,UCR,Centroderecha,120.5498976775812,100.0,404.8,0.2978,59.75,72.58,58.12,54.97,2.11,7.43
26,Liberalismo,Liberalismo,249.91532597572123,30.75,508.1,0.4919,26.17,12.58,48.72,10.4,1.76,7.37
26,UCR,Centroderecha,562.7450287854556,69.25,1144.0,0.4919,63.2,77.13,60.85,58.58,1.76,7.37
27,UCR,Centroderecha,911.694136204685,100.0,2107.0,0.4327,54.66,65.22,54.4,49.64,1.83,7.22
29,PS,PS,131.034455863139,100.0,430.9,0.3041,11.09,,1.73,20.45,2.96,7.13
3,PS,PS,2005.762428165017,39.88,471.9,4.2504,10.05,,0.9,19.2,1.53,7.34
3,UCR,Centroderecha,3024.2356189139887,60.12,711.5,4.2504,61.06,74.11,60.57,55.02,1.53,7.34
30,Liberalismo,Liberalismo,226.93066832932035,100.0,608.7,0.3728,23.27,16.51,37.12,12.78,5.63,6.04
31,Liberalismo,Liberalismo,755.8235053467015,100.0,1817.8,0.4158,23.49,18.65,36.45,12.94,7.05,6.07
32,Liberalismo,Liberalismo,553.8706113458284,57.96,1276.8,0.4338,21.13,15.14,33.86,11.4,8.42,6.46
32,PJ,PJ,401.7956546548684,42.04,926.2,0.4338,32.65,35.73,20.0,43.75,8.42,6.46
33,Liberalismo,Liberalismo,487.0073355971869,40.2,924.5,0.5268,23.0,19.01,34.89,13.1,9.04,5.72
33,PJ,PJ,724.4756477851801,59.8,1375.2,0.5268,34.54,38.03,21.4,45.93,9.04,5.72
34,Liberalismo,Liberalismo,430.6484083460753,32.66,866.1,0.4972,22.54,18.56,33.91,13.16,8.38,5.79
34,PJ,PJ,887.7406499279684,67.34,1785.5,0.4972,34.06,37.46,21.26,45.18,8.38,5.79
35,Liberalismo,Liberalismo,782.7144460668554,51.86,1580.6,0.4952,21.11,17.63,31.31,12.66,11.13,5.69
35,UCR,Centroderecha,726.484377403138,48.14,1467.1,0.4952,38.43,43.9,41.92,32.21,11.13,5.69
37,Liberalismo,Liberalismo,460.00162669492454,47.87,1267.6,0.3629,20.28,15.67,30.85,12.02,8.05,5.73
37,UCR,Centroderecha,500.86601989961963,52.13,1380.2,0.3629,38.73,45.0,41.56,32.77,8.05,5.73
38,UCR,Centroderecha,384.1453746272192,100.0,896.3,0.4286,39.71,46.06,42.2,34.06,13.07,5.86
39,Liberalismo,Liberalismo,262.50076017664423,39.64,659.4,0.3981,20.67,15.84,31.8,11.96,11.43,5.84
39,UCR,Centroderecha,399.7465285459706,60.36,1004.1,0.3981,40.17,46.66,42.76,34.33,11.43,5.84
4,PS,PS,2404.2429114227325,28.16,3091.1,0.7778,8.89,,0.33,17.46,1.99,7.04
4,UCR,Centroderecha,6132.0965471115,71.84,7883.9,0.7778,59.12,72.12,61.7,51.34,1.99,7.04
45,Liberalismo,Liberalismo,282.59000456592526,100.0,271.3,1.0418,20.08,16.47,29.4,12.57,6.47,5.07
46,Liberalismo,Liberalismo,1818.9930972820357,100.0,1627.0,1.118,21.08,17.81,30.62,13.19,6.61,5.33
47,Liberalismo,Liberalismo,2482.2083469068375,100.0,994.2,2.4968,19.59,19.74,24.84,14.26,15.06,3.53
48,Liberalismo,Liberalismo,1059.9549768239417,13.25,511.1,2.0738,19.32,12.98,30.92,10.89,6.3,5.52
48,UCR,Centroderecha,6939.642910618922,86.75,3346.3,2.0738,41.84,48.91,44.42,35.73,6.3,5.52
49,UCR,Centroderecha,3773.3557167208282,100.0,1827.7,2.0645,37.2,42.62,40.13,31.56,6.94,4.93
5,Liberalismo,Liberalismo,3745.132934048729,26.46,1147.4,3.2639,21.08,19.91,26.67,16.08,19.55,3.77
5,UCR,Centroderecha,10411.404500064808,73.54,3189.9,3.2639,23.03,30.62,27.26,15.01,19.55,3.77
50,UCR,Centroderecha,472.5524456152076,100.0,803.4,0.5882,45.8,54.26,46.94,40.41,4.47,6.14
51,PS,PS,142.4576914141658,100.0,191.4,0.7444,8.43,,1.53,15.32,4.94,5.72
52,PS,PS,916.9262673089389,72.0,760.7,1.2053,5.13,,1.56,8.7,21.07,4.3
52,UCR,Centroderecha,356.51359635851975,28.0,295.8,1.2053,33.39,38.52,37.06,27.14,21.07,4.3
53,Liberalismo,Liberalismo,787.6350161411901,42.41,1018.9,0.773,20.27,17.64,28.6,13.26,16.02,4.44
53,UCR,Centroderecha,1069.3878287574416,57.59,1383.4,0.773,34.06,37.8,39.05,27.2,16.02,4.44
54,Liberalismo,Liberalismo,355.7918352739211,71.95,116.7,3.049,19.78,15.54,29.99,11.68,4.79,5.44
54,PJ,PJ,115.3271594247851,23.32,37.8,3.049,38.47,42.84,24.58,50.17,4.79,5.44
54,UCR,Centroderecha,23.36981699163536,4.73,7.7,3.049,38.88,44.76,41.87,32.96,4.79,5.44
55,Liberalismo,Liberalismo,2944.955125162686,98.8,1982.1,1.4858,21.12,18.71,29.88,13.55,8.87,4.39
55,UCR,Centroderecha,35.72783376279129,1.2,24.0,1.4858,34.6,38.83,38.94,28.14,8.87,4.39
56,Liberalismo,Liberalismo,34.77340581536445,1.36,19.3,1.8039,22.12,18.78,31.15,14.76,8.88,4.58
56,UCR,Centroderecha,2513.5135056118625,98.64,1393.4,1.8039,34.27,38.62,38.49,27.88,8.88,4.58
57,Liberalismo,Liberalismo,402.92046917783955,26.49,239.6,1.6819,21.5,17.56,31.52,13.45,4.55,5.06
57,UCR,Centroderecha,1117.906142155122,73.51,664.7,1.6819,37.36,42.44,41.05,31.12,4.55,5.06
58,Liberalismo,Liberalismo,1707.778198618193,100.0,1623.2,1.0521,19.28,13.91,29.62,11.61,4.58,5.63
59,Liberalismo,Liberalismo,1269.2512862786898,100.0,1525.0,0.8323,18.75,13.18,28.84,11.45,5.09,5.84
6,Liberalismo,Liberalismo,555.3365190551174,36.85,1096.2,0.5066,27.1,12.36,51.72,9.85,1.95,7.34
6,UCR,Centroderecha,951.6991774173703,63.15,1878.6,0.5066,65.4,79.46,62.42,61.34,1.95,7.34
60,Liberalismo,Liberalismo,1072.3470645268058,77.88,1479.5,0.7248,17.51,11.51,28.18,9.83,4.37,6.09
60,UCR,Centroderecha,304.56943034700845,22.12,420.2,0.7248,39.84,46.03,42.6,33.98,4.37,6.09
61,Liberalismo,Liberalismo,1561.0658389385192,73.13,2735.4,0.5707,18.91,12.34,31.56,9.56,3.11,6.62
61,UCR,Centroderecha,573.4974499203404,26.87,1004.9,0.5707,43.85,51.42,45.64,38.27,3.11,6.62
62,Liberalismo,Liberalismo,504.5575317859814,100.0,1048.5,0.4812,18.94,13.47,29.72,10.9,7.43,5.92
63,Liberalismo,Liberalismo,1460.3464055835495,55.11,2125.7,0.687,19.22,13.11,30.95,10.54,6.11,6.2
63,PS,PS,267.80502409809253,10.11,389.8,0.687,9.92,,2.1,17.74,6.11,6.2
63,UCR,Centroderecha,921.818975771739,34.79,1341.8,0.687,42.18,49.72,44.31,36.27,6.11,6.2
64,PJ,PJ,1007.9556022949611,64.59,1511.0,0.6671,35.14,39.83,22.08,45.86,5.92,6.31
64,PS,PS,552.5471354807999,35.41,828.3,0.6671,10.36,,2.22,18.49,5.92,6.31
65,Liberalismo,Liberalismo,771.7590803227926,54.6,1606.8,0.4803,19.46,13.5,31.38,10.52,6.14,6.49
65,PS,PS,641.8224630368768,45.4,1336.3,0.4803,9.65,,1.96,17.36,6.14,6.49
66,Liberalismo,Liberalismo,311.25380413765424,100.0,651.8,0.4775,18.82,13.12,30.8,9.69,3.75,6.56
67,PJ,PJ,561.0854565861957,84.35,813.6,0.6896,34.49,39.51,21.49,44.98,3.3,6.52
67,UCR,Centroderecha,104.0994614207435,15.65,151.0,0.6896,41.58,49.4,43.3,35.94,3.3,6.52
68,UCR,Centroderecha,144.1930968354442,100.0,148.0,0.9741,42.85,50.82,44.42,37.3,5.7,6.54
69,Liberalismo,Liberalismo,1327.9965678582712,100.0,1385.4,0.9586,19.98,11.04,35.08,9.35,2.72,6.79
7,Liberalismo,Liberalismo,539.1810047840659,50.93,1966.4,0.2742,25.26,13.7,45.54,10.76,1.46,7.28
7,UCR,Centroderecha,519.5860449263969,49.07,1894.9,0.2742,60.32,72.68,58.72,55.74,1.46,7.28
70,Liberalismo,Liberalismo,80.2195249234957,6.27,79.2,1.0135,18.5,11.18,31.27,9.39,2.13,6.63
70,PS,PS,672.1916452678877,52.52,663.2,1.0135,11.57,,2.38,20.76,2.13,6.63
70,UCR,Centroderecha,527.3545347246865,41.21,520.3,1.0135,44.1,52.8,45.53,38.32,2.13,6.63
71,Liberalismo,Liberalismo,2057.2232835856157,93.6,2196.2,0.9367,19.73,11.4,34.4,9.22,2.4,6.77
71,PS,PS,140.743808297737,6.4,150.3,0.9367,11.55,,2.0,21.1,2.4,6.77
72,Liberalismo,Liberalismo,394.19553153800393,46.92,490.3,0.804,19.12,12.25,31.26,10.42,3.32,6.16
72,PS,PS,445.87629440351526,53.08,554.6,0.804,10.98,,2.26,19.69,3.32,6.16
73,Liberalismo,Liberalismo,552.5101490777665,55.85,397.3,1.3908,18.06,10.41,30.8,9.15,4.65,6.56
73,PS,PS,436.7593736612971,44.15,314.0,1.3908,11.21,,2.23,20.18,4.65,6.56
74,Liberalismo,Liberalismo,2056.1308527359292,75.37,2646.9,0.7768,20.44,11.34,35.77,9.66,1.62,6.91
74,UCR,Centroderecha,671.9731936137564,24.63,865.1,0.7768,49.85,60.14,50.67,43.87,1.62,6.91
75,Liberalismo,Liberalismo,578.4814023695949,34.17,670.9,0.8623,19.39,11.95,32.49,10.01,2.79,6.29
75,PJ,PJ,1114.52923429902,65.83,1292.5,0.8623,33.61,38.55,20.54,44.2,2.79,6.29
76,PJ,PJ,333.7024110322663,100.0,361.3,0.9237,34.37,38.79,21.35,45.18,2.24,6.33
78,UCR,Centroderecha,839.9631226321596,100.0,979.9,0.8572,38.81,44.58,41.93,32.81,3.76,5.53
79,PJ,PJ,118.3074857728002,100.0,119.9,0.9867,32.47,35.94,19.67,43.54,12.21,5.47
8,UCR,Centroderecha,1994.9365114381558,100.0,4100.6,0.4865,53.8,64.62,53.54,48.65,1.79,7.02
80,Liberalismo,Liberalismo,174.34422768748044,100.0,247.9,0.7033,20.03,11.93,33.67,10.44,4.71,6.23
81,Liberalismo,Liberalismo,530.5422030744954,100.0,976.2,0.5435,20.85,13.04,34.6,11.01,5.73,6.2
82,Liberalismo,Liberalismo,904.5597043327216,100.0,1407.7,0.6426,21.57,15.59,33.83,12.3,6.99,5.95
83,Liberalismo,Liberalismo,1703.8889113525242,100.0,2379.7,0.716,21.22,12.47,36.47,10.35,3.77,6.28
84,Liberalismo,Liberalismo,1902.1707344320948,68.95,1993.1,0.9544,20.94,14.57,33.16,11.91,4.02,5.82
84,PJ,PJ,666.848531989867,24.17,698.7,0.9544,35.72,40.16,21.93,47.29,4.02,5.82
84,UCR,Centroderecha,189.77436373170093,6.88,198.8,0.9544,40.79,48.34,43.38,34.42,4.02,5.82
85,Liberalismo,Liberalismo,1785.286334968862,89.43,3253.1,0.5488,20.61,12.78,34.2,10.93,1.69,6.36
85,PJ,PJ,210.99910562723986,10.57,384.5,0.5488,31.86,36.02,19.54,42.1,1.69,6.36
86,Liberalismo,Liberalismo,3008.300018780007,38.96,858.7,3.5035,24.65,24.06,32.18,17.41,9.2,4.63
86,PJ,PJ,3575.2384751914906,46.3,1020.5,3.5035,46.79,53.27,30.2,60.14,9.2,4.63
86,UCR,Centroderecha,1138.575424435728,14.74,325.0,3.5035,28.49,29.46,33.82,22.68,9.2,4.63
87,Liberalismo,Liberalismo,7020.139607686613,39.6,810.2,8.6647,21.25,19.95,27.8,15.34,9.72,3.92
87,PJ,PJ,7631.529417625819,43.05,880.8,8.6647,49.91,55.34,32.88,64.24,9.72,3.92
87,UCR,Centroderecha,3076.1859869137666,17.35,355.0,8.6647,27.81,29.7,33.67,21.01,9.72,3.92
88,UCR,Centroderecha,499.2349078595303,100.0,118.1,4.2262,40.5,46.64,44.36,33.56,4.0,4.91
89,Liberalismo,Liberalismo,277.0005429729508,5.63,61.2,4.5268,22.97,20.87,31.83,15.16,8.93,4.42
89,PJ,PJ,802.0607201466812,16.31,177.2,4.5268,43.4,47.86,27.62,56.96,8.93,4.42
89,UCR,Centroderecha,3837.7196421588233,78.05,847.8,4.5268,33.88,37.4,38.81,27.18,8.93,4.42
9,Liberalismo,Liberalismo,2937.414985492579,39.8,2478.6,1.1851,25.95,19.26,41.66,13.58,6.31,6.3
9,PJ,PJ,1188.9453961593922,16.11,1003.2,1.1851,27.98,28.09,16.04,39.85,6.31,6.3
9,UCR,Centroderecha,3253.9335250987397,44.09,2745.7,1.1851,49.4,59.17,50.46,43.46,6.31,6.3
90,Liberalismo,Liberalismo,673.4538971672391,8.53,141.1,4.7741,21.42,19.25,29.62,14.31,6.54,4.33
90,PJ,PJ,2258.8397766446456,28.6,473.1,4.7741,45.18,49.56,29.79,58.38,6.54,4.33
90,UCR,Centroderecha,4966.612531766503,62.88,1040.3,4.7741,32.73,36.89,37.6,25.78,6.54,4.33
91,Liberalismo,Liberalismo,1801.4765747223832,32.96,1613.5,1.1165,26.09,25.26,34.12,18.48,15.24,3.88
91,PJ,PJ,1485.610143021498,27.18,1330.6,1.1165,50.24,55.44,32.48,65.4,15.24,3.88
91,UCR,Centroderecha,2178.078747103458,39.85,1950.8,1.1165,25.46,27.38,31.18,18.78,15.24,3.88
92,Liberalismo,Liberalismo,2958.1094650803184,70.78,2388.1,1.2387,22.32,18.07,33.32,13.45,4.41,5.32
92,PJ,PJ,1113.838679008795,26.65,899.2,1.2387,37.15,41.69,22.87,49.16,4.41,5.32
92,UCR,Centroderecha,107.20867448432176,2.57,86.5,1.2387,38.67,44.3,42.05,32.48,4.41,5.32
93,Liberalismo,Liberalismo,2340.6108173776074,82.39,1652.3,1.4166,21.15,17.04,31.15,13.22,5.16,4.9
93,PJ,PJ,500.3356320109066,17.61,353.2,1.4166,40.76,45.36,26.32,52.89,5.16,4.9
94,Liberalismo,Liberalismo,373.82759772757794,100.0,389.0,0.9609,19.95,15.05,30.15,12.2,2.34,5.3
95,Liberalismo,Liberalismo,825.516770400989,100.0,529.4,1.5594,21.27,15.7,33.0,12.32,3.5,5.29
96,Liberalismo,Liberalismo,1365.6264057803992,59.93,813.3,1.6791,21.59,17.52,31.64,13.59,4.36,4.83
96,PJ,PJ,913.0505128096107,40.07,543.8,1.6791,40.66,45.76,25.11,53.67,4.36,4.83
97,PJ,PJ,1103.7537934442807,47.3,611.0,1.8065,43.05,47.32,27.92,56.04,3.67,4.63
97,UCR,Centroderecha,1229.8490524437277,52.7,680.8,1.8065,35.04,40.44,39.2,28.17,3.67,4.63
98,Liberalismo,Liberalismo,124.77746303153316,8.11,52.9,2.357,21.87,15.25,34.09,12.95,3.46,5.25
98,UCR,Centroderecha,1413.3075199879668,91.89,599.6,2.357,41.3,48.97,44.62,34.14,3.46,5.25
99,Liberalismo,Liberalismo,1476.4444794245078,64.66,1501.4,0.9834,21.86,14.48,34.98,12.43,1.64,5.55
99,UCR,Centroderecha,806.9937043909416,35.34,820.6,0.9834,43.79,52.72,46.51,36.61,1.64,5.55
